{
  "precision": 1.0,
  "recall": 0.9790209790209791,
  "f1": 0.9893992932862191
}
